run_id,message_id,device_id,payload_number,send_timestamp_ns,payload_size_bytes,published_by_client
20260618_163926_272485,20260618_163926_272485-002-01,002,1,1781775566376516300,143,1
20260618_163926_272485,20260618_163926_272485-003-01,003,1,1781775566382813300,144,1
20260618_163926_272485,20260618_163926_272485-004-01,004,1,1781775566388953000,144,1
20260618_163926_272485,20260618_163926_272485-005-01,005,1,1781775566394782600,144,1
20260618_163926_272485,20260618_163926_272485-006-01,006,1,1781775566400560300,145,1
20260618_163926_272485,20260618_163926_272485-007-01,007,1,1781775566406521100,144,1
20260618_163926_272485,20260618_163926_272485-008-01,008,1,1781775566412244000,144,1
20260618_163926_272485,20260618_163926_272485-009-01,009,1,1781775566417995900,144,1
20260618_163926_272485,20260618_163926_272485-010-01,010,1,1781775566423841500,142,1
20260618_163926_272485,20260618_163926_272485-011-01,011,1,1781775566429681200,145,1
20260618_163926_272485,20260618_163926_272485-012-01,012,1,1781775566435979700,144,1
20260618_163926_272485,20260618_163926_272485-013-01,013,1,1781775566442139500,143,1
20260618_163926_272485,20260618_163926_272485-014-01,014,1,1781775566448229700,144,1
20260618_163926_272485,20260618_163926_272485-015-01,015,1,1781775566454194700,144,1
20260618_163926_272485,20260618_163926_272485-016-01,016,1,1781775566459900300,145,1
20260618_163926_272485,20260618_163926_272485-017-01,017,1,1781775566465411000,145,1
20260618_163926_272485,20260618_163926_272485-018-01,018,1,1781775566471384800,144,1
20260618_163926_272485,20260618_163926_272485-019-01,019,1,1781775566477131400,144,1
20260618_163926_272485,20260618_163926_272485-020-01,020,1,1781775566482759300,143,1
20260618_163926_272485,20260618_163926_272485-021-01,021,1,1781775566489048200,145,1
20260618_163926_272485,20260618_163926_272485-022-01,022,1,1781775566494690700,140,1
20260618_163926_272485,20260618_163926_272485-023-01,023,1,1781775566500692300,144,1
20260618_163926_272485,20260618_163926_272485-024-01,024,1,1781775566506452600,143,1
20260618_163926_272485,20260618_163926_272485-025-01,025,1,1781775566512301600,145,1
20260618_163926_272485,20260618_163926_272485-026-01,026,1,1781775566518405900,144,1
20260618_163926_272485,20260618_163926_272485-027-01,027,1,1781775566524263600,145,1
20260618_163926_272485,20260618_163926_272485-028-01,028,1,1781775566530129000,145,1
20260618_163926_272485,20260618_163926_272485-029-01,029,1,1781775566536199900,142,1
20260618_163926_272485,20260618_163926_272485-030-01,030,1,1781775566542224000,144,1
20260618_163926_272485,20260618_163926_272485-031-01,031,1,1781775566548248900,143,1
20260618_163926_272485,20260618_163926_272485-032-01,032,1,1781775566554059500,144,1
20260618_163926_272485,20260618_163926_272485-033-01,033,1,1781775566560032600,144,1
20260618_163926_272485,20260618_163926_272485-034-01,034,1,1781775566566110700,144,1
20260618_163926_272485,20260618_163926_272485-035-01,035,1,1781775566572003300,145,1
20260618_163926_272485,20260618_163926_272485-036-01,036,1,1781775566578069900,144,1
20260618_163926_272485,20260618_163926_272485-037-01,037,1,1781775566584124200,143,1
20260618_163926_272485,20260618_163926_272485-038-01,038,1,1781775566589738900,142,1
20260618_163926_272485,20260618_163926_272485-039-01,039,1,1781775566595935900,144,1
20260618_163926_272485,20260618_163926_272485-040-01,040,1,1781775566601957000,144,1
20260618_163926_272485,20260618_163926_272485-041-01,041,1,1781775566607768800,144,1
20260618_163926_272485,20260618_163926_272485-042-01,042,1,1781775566613975100,144,1
20260618_163926_272485,20260618_163926_272485-043-01,043,1,1781775566619601600,145,1
20260618_163926_272485,20260618_163926_272485-044-01,044,1,1781775566625494700,145,1
20260618_163926_272485,20260618_163926_272485-045-01,045,1,1781775566632026800,144,1
20260618_163926_272485,20260618_163926_272485-046-01,046,1,1781775566638052900,145,1
20260618_163926_272485,20260618_163926_272485-047-01,047,1,1781775566644219700,145,1
20260618_163926_272485,20260618_163926_272485-048-01,048,1,1781775566649856800,145,1
20260618_163926_272485,20260618_163926_272485-049-01,049,1,1781775566655688100,145,1
20260618_163926_272485,20260618_163926_272485-050-01,050,1,1781775566661588200,143,1
20260618_163926_272485,20260618_163926_272485-051-01,051,1,1781775566667672900,144,1
20260618_163926_272485,20260618_163926_272485-052-01,052,1,1781775566673570900,144,1
20260618_163926_272485,20260618_163926_272485-053-01,053,1,1781775566679521300,143,1
20260618_163926_272485,20260618_163926_272485-054-01,054,1,1781775566685675800,145,1
20260618_163926_272485,20260618_163926_272485-055-01,055,1,1781775566691304700,144,1
20260618_163926_272485,20260618_163926_272485-056-01,056,1,1781775566697156600,143,1
20260618_163926_272485,20260618_163926_272485-057-01,057,1,1781775566703414000,145,1
20260618_163926_272485,20260618_163926_272485-058-01,058,1,1781775566709298700,144,1
20260618_163926_272485,20260618_163926_272485-059-01,059,1,1781775566715519200,143,1
20260618_163926_272485,20260618_163926_272485-060-01,060,1,1781775566721493200,145,1
20260618_163926_272485,20260618_163926_272485-061-01,061,1,1781775566727177600,145,1
20260618_163926_272485,20260618_163926_272485-062-01,062,1,1781775566732925400,142,1
20260618_163926_272485,20260618_163926_272485-063-01,063,1,1781775566738893900,144,1
20260618_163926_272485,20260618_163926_272485-064-01,064,1,1781775566744450600,142,1
20260618_163926_272485,20260618_163926_272485-065-01,065,1,1781775566750114200,142,1
20260618_163926_272485,20260618_163926_272485-066-01,066,1,1781775566756029900,140,1
20260618_163926_272485,20260618_163926_272485-067-01,067,1,1781775566761900200,145,1
20260618_163926_272485,20260618_163926_272485-068-01,068,1,1781775566768049100,145,1
20260618_163926_272485,20260618_163926_272485-069-01,069,1,1781775566774020300,142,1
20260618_163926_272485,20260618_163926_272485-070-01,070,1,1781775566779822400,145,1
20260618_163926_272485,20260618_163926_272485-071-01,071,1,1781775566786142600,145,1
20260618_163926_272485,20260618_163926_272485-072-01,072,1,1781775566792424000,144,1
20260618_163926_272485,20260618_163926_272485-073-01,073,1,1781775566798477800,143,1
20260618_163926_272485,20260618_163926_272485-074-01,074,1,1781775566804755800,143,1
20260618_163926_272485,20260618_163926_272485-075-01,075,1,1781775566810664600,143,1
20260618_163926_272485,20260618_163926_272485-076-01,076,1,1781775566817029000,143,1
20260618_163926_272485,20260618_163926_272485-077-01,077,1,1781775566823105700,143,1
20260618_163926_272485,20260618_163926_272485-078-01,078,1,1781775566828942200,144,1
20260618_163926_272485,20260618_163926_272485-079-01,079,1,1781775566834886000,142,1
20260618_163926_272485,20260618_163926_272485-080-01,080,1,1781775566840848700,144,1
20260618_163926_272485,20260618_163926_272485-081-01,081,1,1781775566846954800,145,1
20260618_163926_272485,20260618_163926_272485-082-01,082,1,1781775566852652800,144,1
20260618_163926_272485,20260618_163926_272485-083-01,083,1,1781775566858712700,145,1
20260618_163926_272485,20260618_163926_272485-084-01,084,1,1781775566864714800,145,1
20260618_163926_272485,20260618_163926_272485-085-01,085,1,1781775566870457100,144,1
20260618_163926_272485,20260618_163926_272485-086-01,086,1,1781775566876636000,145,1
20260618_163926_272485,20260618_163926_272485-087-01,087,1,1781775566882514000,140,1
20260618_163926_272485,20260618_163926_272485-088-01,088,1,1781775566888573900,144,1
20260618_163926_272485,20260618_163926_272485-089-01,089,1,1781775566894425900,143,1
20260618_163926_272485,20260618_163926_272485-090-01,090,1,1781775566900562500,144,1
20260618_163926_272485,20260618_163926_272485-091-01,091,1,1781775566906838600,144,1
20260618_163926_272485,20260618_163926_272485-092-01,092,1,1781775566912659600,144,1
20260618_163926_272485,20260618_163926_272485-093-01,093,1,1781775566918900600,145,1
20260618_163926_272485,20260618_163926_272485-094-01,094,1,1781775566925366400,143,1
20260618_163926_272485,20260618_163926_272485-095-01,095,1,1781775566931191000,144,1
20260618_163926_272485,20260618_163926_272485-096-01,096,1,1781775566937018900,145,1
20260618_163926_272485,20260618_163926_272485-097-01,097,1,1781775566942976700,144,1
20260618_163926_272485,20260618_163926_272485-098-01,098,1,1781775566948682200,144,1
20260618_163926_272485,20260618_163926_272485-099-01,099,1,1781775566955308400,142,1
20260618_163926_272485,20260618_163926_272485-100-01,100,1,1781775566961155600,143,1
20260618_163926_272485,20260618_163926_272485-101-01,101,1,1781775566966792100,143,1
20260618_163926_272485,20260618_163926_272485-102-01,102,1,1781775566972917400,145,1
20260618_163926_272485,20260618_163926_272485-103-01,103,1,1781775566978395800,144,1
20260618_163926_272485,20260618_163926_272485-104-01,104,1,1781775566984114900,145,1
20260618_163926_272485,20260618_163926_272485-105-01,105,1,1781775566990101000,145,1
20260618_163926_272485,20260618_163926_272485-106-01,106,1,1781775566995790800,144,1
20260618_163926_272485,20260618_163926_272485-107-01,107,1,1781775567001732700,143,1
20260618_163926_272485,20260618_163926_272485-108-01,108,1,1781775567007519400,145,1
20260618_163926_272485,20260618_163926_272485-109-01,109,1,1781775567013869300,143,1
20260618_163926_272485,20260618_163926_272485-110-01,110,1,1781775567020332500,142,1
20260618_163926_272485,20260618_163926_272485-111-01,111,1,1781775567026445400,145,1
20260618_163926_272485,20260618_163926_272485-112-01,112,1,1781775567032391100,143,1
20260618_163926_272485,20260618_163926_272485-113-01,113,1,1781775567038044700,141,1
20260618_163926_272485,20260618_163926_272485-114-01,114,1,1781775567043754200,144,1
20260618_163926_272485,20260618_163926_272485-115-01,115,1,1781775567049439200,144,1
20260618_163926_272485,20260618_163926_272485-116-01,116,1,1781775567055519900,145,1
20260618_163926_272485,20260618_163926_272485-117-01,117,1,1781775567061030800,145,1
20260618_163926_272485,20260618_163926_272485-118-01,118,1,1781775567066588400,144,1
20260618_163926_272485,20260618_163926_272485-119-01,119,1,1781775567072379600,143,1
20260618_163926_272485,20260618_163926_272485-120-01,120,1,1781775567078296100,144,1
20260618_163926_272485,20260618_163926_272485-121-01,121,1,1781775567084353900,144,1
20260618_163926_272485,20260618_163926_272485-122-01,122,1,1781775567090659700,145,1
20260618_163926_272485,20260618_163926_272485-123-01,123,1,1781775567097094900,143,1
20260618_163926_272485,20260618_163926_272485-124-01,124,1,1781775567103037400,145,1
20260618_163926_272485,20260618_163926_272485-125-01,125,1,1781775567109189100,145,1
20260618_163926_272485,20260618_163926_272485-126-01,126,1,1781775567115578200,144,1
20260618_163926_272485,20260618_163926_272485-127-01,127,1,1781775567121497300,144,1
20260618_163926_272485,20260618_163926_272485-128-01,128,1,1781775567127630900,144,1
20260618_163926_272485,20260618_163926_272485-129-01,129,1,1781775567133538400,144,1
20260618_163926_272485,20260618_163926_272485-130-01,130,1,1781775567139686100,145,1
20260618_163926_272485,20260618_163926_272485-131-01,131,1,1781775567145654200,144,1
20260618_163926_272485,20260618_163926_272485-132-01,132,1,1781775567151310200,144,1
20260618_163926_272485,20260618_163926_272485-133-01,133,1,1781775567157626600,144,1
20260618_163926_272485,20260618_163926_272485-134-01,134,1,1781775567163821300,143,1
20260618_163926_272485,20260618_163926_272485-135-01,135,1,1781775567169939300,143,1
20260618_163926_272485,20260618_163926_272485-136-01,136,1,1781775567175784200,145,1
20260618_163926_272485,20260618_163926_272485-137-01,137,1,1781775567181682900,144,1
20260618_163926_272485,20260618_163926_272485-138-01,138,1,1781775567187675900,145,1
20260618_163926_272485,20260618_163926_272485-139-01,139,1,1781775567193701600,143,1
20260618_163926_272485,20260618_163926_272485-140-01,140,1,1781775567199370900,145,1
20260618_163926_272485,20260618_163926_272485-141-01,141,1,1781775567205127800,144,1
20260618_163926_272485,20260618_163926_272485-142-01,142,1,1781775567211255800,143,1
20260618_163926_272485,20260618_163926_272485-143-01,143,1,1781775567217261600,145,1
20260618_163926_272485,20260618_163926_272485-144-01,144,1,1781775567223322900,142,1
20260618_163926_272485,20260618_163926_272485-145-01,145,1,1781775567229114500,141,1
20260618_163926_272485,20260618_163926_272485-146-01,146,1,1781775567234952900,145,1
20260618_163926_272485,20260618_163926_272485-147-01,147,1,1781775567240829700,145,1
20260618_163926_272485,20260618_163926_272485-148-01,148,1,1781775567246790900,145,1
20260618_163926_272485,20260618_163926_272485-149-01,149,1,1781775567253102800,142,1
20260618_163926_272485,20260618_163926_272485-150-01,150,1,1781775567259193000,145,1
20260618_163926_272485,20260618_163926_272485-151-01,151,1,1781775567265488700,144,1
20260618_163926_272485,20260618_163926_272485-152-01,152,1,1781775567271916100,141,1
20260618_163926_272485,20260618_163926_272485-153-01,153,1,1781775567277624900,143,1
20260618_163926_272485,20260618_163926_272485-154-01,154,1,1781775567283250800,144,1
20260618_163926_272485,20260618_163926_272485-155-01,155,1,1781775567288993900,144,1
20260618_163926_272485,20260618_163926_272485-156-01,156,1,1781775567294679100,144,1
20260618_163926_272485,20260618_163926_272485-157-01,157,1,1781775567300514100,145,1
20260618_163926_272485,20260618_163926_272485-158-01,158,1,1781775567306269900,144,1
20260618_163926_272485,20260618_163926_272485-159-01,159,1,1781775567312314400,143,1
20260618_163926_272485,20260618_163926_272485-160-01,160,1,1781775567317974900,144,1
20260618_163926_272485,20260618_163926_272485-161-01,161,1,1781775567323834600,143,1
20260618_163926_272485,20260618_163926_272485-162-01,162,1,1781775567329533100,145,1
20260618_163926_272485,20260618_163926_272485-163-01,163,1,1781775567335597600,143,1
20260618_163926_272485,20260618_163926_272485-164-01,164,1,1781775567341716900,143,1
20260618_163926_272485,20260618_163926_272485-165-01,165,1,1781775567347492600,142,1
20260618_163926_272485,20260618_163926_272485-166-01,166,1,1781775567353541500,145,1
20260618_163926_272485,20260618_163926_272485-167-01,167,1,1781775567359398800,145,1
20260618_163926_272485,20260618_163926_272485-168-01,168,1,1781775567365022600,144,1
20260618_163926_272485,20260618_163926_272485-169-01,169,1,1781775567370849700,144,1
20260618_163926_272485,20260618_163926_272485-170-01,170,1,1781775567376440200,144,1
20260618_163926_272485,20260618_163926_272485-171-01,171,1,1781775567381977400,143,1
20260618_163926_272485,20260618_163926_272485-172-01,172,1,1781775567387837200,144,1
20260618_163926_272485,20260618_163926_272485-173-01,173,1,1781775567393339900,144,1
20260618_163926_272485,20260618_163926_272485-174-01,174,1,1781775567399078500,144,1
20260618_163926_272485,20260618_163926_272485-175-01,175,1,1781775567404774400,143,1
20260618_163926_272485,20260618_163926_272485-176-01,176,1,1781775567410314300,144,1
20260618_163926_272485,20260618_163926_272485-177-01,177,1,1781775567416275100,145,1
20260618_163926_272485,20260618_163926_272485-178-01,178,1,1781775567422115900,144,1
20260618_163926_272485,20260618_163926_272485-179-01,179,1,1781775567427760700,143,1
20260618_163926_272485,20260618_163926_272485-180-01,180,1,1781775567433788300,145,1
20260618_163926_272485,20260618_163926_272485-181-01,181,1,1781775567439934900,144,1
20260618_163926_272485,20260618_163926_272485-182-01,182,1,1781775567445983500,143,1
20260618_163926_272485,20260618_163926_272485-183-01,183,1,1781775567452351600,144,1
20260618_163926_272485,20260618_163926_272485-184-01,184,1,1781775567458376100,145,1
20260618_163926_272485,20260618_163926_272485-185-01,185,1,1781775567464459500,143,1
20260618_163926_272485,20260618_163926_272485-186-01,186,1,1781775567470092700,143,1
20260618_163926_272485,20260618_163926_272485-187-01,187,1,1781775567476169800,144,1
20260618_163926_272485,20260618_163926_272485-188-01,188,1,1781775567481730200,142,1
20260618_163926_272485,20260618_163926_272485-189-01,189,1,1781775567487740500,143,1
20260618_163926_272485,20260618_163926_272485-190-01,190,1,1781775567493657900,145,1
20260618_163926_272485,20260618_163926_272485-191-01,191,1,1781775567499500600,144,1
20260618_163926_272485,20260618_163926_272485-192-01,192,1,1781775567505394500,145,1
20260618_163926_272485,20260618_163926_272485-193-01,193,1,1781775567511205900,145,1
20260618_163926_272485,20260618_163926_272485-194-01,194,1,1781775567516897600,145,1
20260618_163926_272485,20260618_163926_272485-195-01,195,1,1781775567522534100,144,1
20260618_163926_272485,20260618_163926_272485-196-01,196,1,1781775567528483500,144,1
20260618_163926_272485,20260618_163926_272485-197-01,197,1,1781775567534471100,143,1
20260618_163926_272485,20260618_163926_272485-198-01,198,1,1781775567540282000,144,1
20260618_163926_272485,20260618_163926_272485-199-01,199,1,1781775567546196300,144,1
20260618_163926_272485,20260618_163926_272485-200-01,200,1,1781775567553132300,144,1
20260618_163926_272485,20260618_163926_272485-201-01,201,1,1781775567559225700,142,1
20260618_163926_272485,20260618_163926_272485-202-01,202,1,1781775567565126300,141,1
20260618_163926_272485,20260618_163926_272485-203-01,203,1,1781775567571478000,143,1
20260618_163926_272485,20260618_163926_272485-204-01,204,1,1781775567577240700,143,1
20260618_163926_272485,20260618_163926_272485-205-01,205,1,1781775567583184700,144,1
20260618_163926_272485,20260618_163926_272485-206-01,206,1,1781775567590248700,143,1
20260618_163926_272485,20260618_163926_272485-207-01,207,1,1781775567596047400,145,1
20260618_163926_272485,20260618_163926_272485-208-01,208,1,1781775567603221800,145,1
20260618_163926_272485,20260618_163926_272485-209-01,209,1,1781775567609290700,144,1
20260618_163926_272485,20260618_163926_272485-210-01,210,1,1781775567615203800,144,1
20260618_163926_272485,20260618_163926_272485-211-01,211,1,1781775567621594400,144,1
20260618_163926_272485,20260618_163926_272485-212-01,212,1,1781775567627311400,144,1
20260618_163926_272485,20260618_163926_272485-213-01,213,1,1781775567633062700,145,1
20260618_163926_272485,20260618_163926_272485-214-01,214,1,1781775567638809000,145,1
20260618_163926_272485,20260618_163926_272485-215-01,215,1,1781775567644701000,144,1
20260618_163926_272485,20260618_163926_272485-216-01,216,1,1781775567650557300,145,1
20260618_163926_272485,20260618_163926_272485-217-01,217,1,1781775567656562100,145,1
20260618_163926_272485,20260618_163926_272485-218-01,218,1,1781775567662480100,144,1
20260618_163926_272485,20260618_163926_272485-219-01,219,1,1781775567669253900,145,1
20260618_163926_272485,20260618_163926_272485-220-01,220,1,1781775567674984100,145,1
20260618_163926_272485,20260618_163926_272485-221-01,221,1,1781775567680614800,144,1
20260618_163926_272485,20260618_163926_272485-222-01,222,1,1781775567686310100,145,1
20260618_163926_272485,20260618_163926_272485-223-01,223,1,1781775567691899200,145,1
20260618_163926_272485,20260618_163926_272485-224-01,224,1,1781775567697557700,145,1
20260618_163926_272485,20260618_163926_272485-225-01,225,1,1781775567703501600,144,1
20260618_163926_272485,20260618_163926_272485-226-01,226,1,1781775567709232400,144,1
20260618_163926_272485,20260618_163926_272485-227-01,227,1,1781775567714893000,144,1
20260618_163926_272485,20260618_163926_272485-228-01,228,1,1781775567720514100,143,1
20260618_163926_272485,20260618_163926_272485-229-01,229,1,1781775567726171800,145,1
20260618_163926_272485,20260618_163926_272485-230-01,230,1,1781775567732097200,144,1
20260618_163926_272485,20260618_163926_272485-231-01,231,1,1781775567738306400,145,1
20260618_163926_272485,20260618_163926_272485-232-01,232,1,1781775567744270600,145,1
20260618_163926_272485,20260618_163926_272485-233-01,233,1,1781775567750068000,144,1
20260618_163926_272485,20260618_163926_272485-234-01,234,1,1781775567756268600,143,1
20260618_163926_272485,20260618_163926_272485-235-01,235,1,1781775567762101400,145,1
20260618_163926_272485,20260618_163926_272485-236-01,236,1,1781775567768150400,145,1
20260618_163926_272485,20260618_163926_272485-237-01,237,1,1781775567774402900,142,1
20260618_163926_272485,20260618_163926_272485-238-01,238,1,1781775567781290400,144,1
20260618_163926_272485,20260618_163926_272485-239-01,239,1,1781775567787495100,145,1
20260618_163926_272485,20260618_163926_272485-240-01,240,1,1781775567793494200,145,1
20260618_163926_272485,20260618_163926_272485-241-01,241,1,1781775567799498100,145,1
20260618_163926_272485,20260618_163926_272485-242-01,242,1,1781775567805482700,145,1
20260618_163926_272485,20260618_163926_272485-243-01,243,1,1781775567811421100,145,1
20260618_163926_272485,20260618_163926_272485-244-01,244,1,1781775567817459800,143,1
20260618_163926_272485,20260618_163926_272485-245-01,245,1,1781775567823855600,145,1
20260618_163926_272485,20260618_163926_272485-246-01,246,1,1781775567830394100,145,1
20260618_163926_272485,20260618_163926_272485-247-01,247,1,1781775567836172800,144,1
20260618_163926_272485,20260618_163926_272485-248-01,248,1,1781775567842260400,143,1
20260618_163926_272485,20260618_163926_272485-249-01,249,1,1781775567848077100,143,1
20260618_163926_272485,20260618_163926_272485-250-01,250,1,1781775567855348800,144,1
20260618_163926_272485,20260618_163926_272485-251-01,251,1,1781775567861084900,145,1
20260618_163926_272485,20260618_163926_272485-252-01,252,1,1781775567867003300,145,1
20260618_163926_272485,20260618_163926_272485-253-01,253,1,1781775567872658500,144,1
20260618_163926_272485,20260618_163926_272485-254-01,254,1,1781775567878522200,144,1
20260618_163926_272485,20260618_163926_272485-255-01,255,1,1781775567884131900,145,1
20260618_163926_272485,20260618_163926_272485-256-01,256,1,1781775567890019600,143,1
20260618_163926_272485,20260618_163926_272485-257-01,257,1,1781775567895782200,144,1
20260618_163926_272485,20260618_163926_272485-258-01,258,1,1781775567903212700,144,1
20260618_163926_272485,20260618_163926_272485-259-01,259,1,1781775567909143400,145,1
20260618_163926_272485,20260618_163926_272485-260-01,260,1,1781775567914757900,144,1
20260618_163926_272485,20260618_163926_272485-261-01,261,1,1781775567921314900,145,1
20260618_163926_272485,20260618_163926_272485-262-01,262,1,1781775567927690100,145,1
20260618_163926_272485,20260618_163926_272485-263-01,263,1,1781775567934514300,145,1
20260618_163926_272485,20260618_163926_272485-264-01,264,1,1781775567940454700,145,1
20260618_163926_272485,20260618_163926_272485-265-01,265,1,1781775567946562700,143,1
20260618_163926_272485,20260618_163926_272485-266-01,266,1,1781775567952770400,141,1
20260618_163926_272485,20260618_163926_272485-267-01,267,1,1781775567959189700,145,1
20260618_163926_272485,20260618_163926_272485-268-01,268,1,1781775567965089300,145,1
20260618_163926_272485,20260618_163926_272485-269-01,269,1,1781775567970972300,145,1
20260618_163926_272485,20260618_163926_272485-270-01,270,1,1781775567976906300,145,1
20260618_163926_272485,20260618_163926_272485-271-01,271,1,1781775567982484800,144,1
20260618_163926_272485,20260618_163926_272485-272-01,272,1,1781775567988692500,145,1
20260618_163926_272485,20260618_163926_272485-273-01,273,1,1781775567994615500,144,1
20260618_163926_272485,20260618_163926_272485-274-01,274,1,1781775568000307300,145,1
20260618_163926_272485,20260618_163926_272485-275-01,275,1,1781775568006444500,145,1
20260618_163926_272485,20260618_163926_272485-276-01,276,1,1781775568012257300,143,1
20260618_163926_272485,20260618_163926_272485-277-01,277,1,1781775568017835700,143,1
20260618_163926_272485,20260618_163926_272485-278-01,278,1,1781775568023925100,142,1
20260618_163926_272485,20260618_163926_272485-279-01,279,1,1781775568029749500,145,1
20260618_163926_272485,20260618_163926_272485-280-01,280,1,1781775568035955100,143,1
20260618_163926_272485,20260618_163926_272485-281-01,281,1,1781775568041833100,144,1
20260618_163926_272485,20260618_163926_272485-282-01,282,1,1781775568047344800,145,1
20260618_163926_272485,20260618_163926_272485-283-01,283,1,1781775568053087900,144,1
20260618_163926_272485,20260618_163926_272485-284-01,284,1,1781775568058917800,143,1
20260618_163926_272485,20260618_163926_272485-285-01,285,1,1781775568064531700,144,1
20260618_163926_272485,20260618_163926_272485-286-01,286,1,1781775568070324300,144,1
20260618_163926_272485,20260618_163926_272485-287-01,287,1,1781775568076061100,145,1
20260618_163926_272485,20260618_163926_272485-288-01,288,1,1781775568082790700,145,1
20260618_163926_272485,20260618_163926_272485-289-01,289,1,1781775568089276400,145,1
20260618_163926_272485,20260618_163926_272485-290-01,290,1,1781775568095425800,143,1
20260618_163926_272485,20260618_163926_272485-291-01,291,1,1781775568101806900,145,1
20260618_163926_272485,20260618_163926_272485-292-01,292,1,1781775568108126100,144,1
20260618_163926_272485,20260618_163926_272485-293-01,293,1,1781775568114144900,145,1
20260618_163926_272485,20260618_163926_272485-294-01,294,1,1781775568121345300,145,1
20260618_163926_272485,20260618_163926_272485-295-01,295,1,1781775568127310700,144,1
20260618_163926_272485,20260618_163926_272485-296-01,296,1,1781775568133363600,141,1
20260618_163926_272485,20260618_163926_272485-297-01,297,1,1781775568139715800,142,1
20260618_163926_272485,20260618_163926_272485-298-01,298,1,1781775568145636800,141,1
20260618_163926_272485,20260618_163926_272485-299-01,299,1,1781775568152142000,145,1
20260618_163926_272485,20260618_163926_272485-300-01,300,1,1781775568157955300,143,1
20260618_163926_272485,20260618_163926_272485-301-01,301,1,1781775568164026000,144,1
20260618_163926_272485,20260618_163926_272485-302-01,302,1,1781775568170404800,144,1
20260618_163926_272485,20260618_163926_272485-303-01,303,1,1781775568176840900,145,1
20260618_163926_272485,20260618_163926_272485-304-01,304,1,1781775568182426600,145,1
20260618_163926_272485,20260618_163926_272485-305-01,305,1,1781775568188417800,144,1
20260618_163926_272485,20260618_163926_272485-306-01,306,1,1781775568194192600,143,1
20260618_163926_272485,20260618_163926_272485-307-01,307,1,1781775568199936200,143,1
20260618_163926_272485,20260618_163926_272485-308-01,308,1,1781775568206462700,143,1
20260618_163926_272485,20260618_163926_272485-309-01,309,1,1781775568212327400,145,1
20260618_163926_272485,20260618_163926_272485-310-01,310,1,1781775568218551000,144,1
20260618_163926_272485,20260618_163926_272485-311-01,311,1,1781775568224273800,144,1
20260618_163926_272485,20260618_163926_272485-312-01,312,1,1781775568230408400,142,1
20260618_163926_272485,20260618_163926_272485-313-01,313,1,1781775568236853000,144,1
20260618_163926_272485,20260618_163926_272485-314-01,314,1,1781775568242451900,144,1
20260618_163926_272485,20260618_163926_272485-315-01,315,1,1781775568248584900,145,1
20260618_163926_272485,20260618_163926_272485-316-01,316,1,1781775568254336700,143,1
20260618_163926_272485,20260618_163926_272485-317-01,317,1,1781775568260191800,144,1
20260618_163926_272485,20260618_163926_272485-318-01,318,1,1781775568266226900,144,1
20260618_163926_272485,20260618_163926_272485-319-01,319,1,1781775568272395500,144,1
20260618_163926_272485,20260618_163926_272485-320-01,320,1,1781775568278083000,145,1
20260618_163926_272485,20260618_163926_272485-321-01,321,1,1781775568283814000,144,1
20260618_163926_272485,20260618_163926_272485-322-01,322,1,1781775568290147300,144,1
20260618_163926_272485,20260618_163926_272485-323-01,323,1,1781775568296383500,143,1
20260618_163926_272485,20260618_163926_272485-324-01,324,1,1781775568303296100,145,1
20260618_163926_272485,20260618_163926_272485-325-01,325,1,1781775568309045200,144,1
20260618_163926_272485,20260618_163926_272485-326-01,326,1,1781775568314975200,140,1
20260618_163926_272485,20260618_163926_272485-327-01,327,1,1781775568321276400,145,1
20260618_163926_272485,20260618_163926_272485-328-01,328,1,1781775568327530600,144,1
20260618_163926_272485,20260618_163926_272485-329-01,329,1,1781775568334006200,144,1
20260618_163926_272485,20260618_163926_272485-330-01,330,1,1781775568339767900,142,1
20260618_163926_272485,20260618_163926_272485-331-01,331,1,1781775568345568200,144,1
20260618_163926_272485,20260618_163926_272485-332-01,332,1,1781775568352463900,144,1
20260618_163926_272485,20260618_163926_272485-333-01,333,1,1781775568358160700,144,1
20260618_163926_272485,20260618_163926_272485-334-01,334,1,1781775568364749200,145,1
20260618_163926_272485,20260618_163926_272485-335-01,335,1,1781775568370742100,144,1
20260618_163926_272485,20260618_163926_272485-336-01,336,1,1781775568376921500,144,1
20260618_163926_272485,20260618_163926_272485-337-01,337,1,1781775568382771900,144,1
20260618_163926_272485,20260618_163926_272485-338-01,338,1,1781775568388899900,145,1
20260618_163926_272485,20260618_163926_272485-339-01,339,1,1781775568394734600,144,1
20260618_163926_272485,20260618_163926_272485-340-01,340,1,1781775568400515500,145,1
20260618_163926_272485,20260618_163926_272485-341-01,341,1,1781775568406618800,145,1
20260618_163926_272485,20260618_163926_272485-342-01,342,1,1781775568412246200,145,1
20260618_163926_272485,20260618_163926_272485-343-01,343,1,1781775568418070600,144,1
20260618_163926_272485,20260618_163926_272485-344-01,344,1,1781775568424238100,145,1
20260618_163926_272485,20260618_163926_272485-345-01,345,1,1781775568430476100,143,1
20260618_163926_272485,20260618_163926_272485-346-01,346,1,1781775568436067700,143,1
20260618_163926_272485,20260618_163926_272485-347-01,347,1,1781775568442140000,143,1
20260618_163926_272485,20260618_163926_272485-348-01,348,1,1781775568448321400,145,1
20260618_163926_272485,20260618_163926_272485-349-01,349,1,1781775568454291900,144,1
20260618_163926_272485,20260618_163926_272485-350-01,350,1,1781775568460444000,145,1
20260618_163926_272485,20260618_163926_272485-351-01,351,1,1781775568466768400,143,1
20260618_163926_272485,20260618_163926_272485-352-01,352,1,1781775568472817100,145,1
20260618_163926_272485,20260618_163926_272485-353-01,353,1,1781775568478693900,143,1
20260618_163926_272485,20260618_163926_272485-354-01,354,1,1781775568484247600,145,1
20260618_163926_272485,20260618_163926_272485-355-01,355,1,1781775568490559300,143,1
20260618_163926_272485,20260618_163926_272485-356-01,356,1,1781775568497034400,144,1
20260618_163926_272485,20260618_163926_272485-357-01,357,1,1781775568507009500,145,1
20260618_163926_272485,20260618_163926_272485-358-01,358,1,1781775568513318300,145,1
20260618_163926_272485,20260618_163926_272485-359-01,359,1,1781775568518933700,145,1
20260618_163926_272485,20260618_163926_272485-360-01,360,1,1781775568524770100,144,1
20260618_163926_272485,20260618_163926_272485-361-01,361,1,1781775568531476400,144,1
20260618_163926_272485,20260618_163926_272485-362-01,362,1,1781775568537610700,141,1
20260618_163926_272485,20260618_163926_272485-363-01,363,1,1781775568543275500,144,1
20260618_163926_272485,20260618_163926_272485-364-01,364,1,1781775568548923400,143,1
20260618_163926_272485,20260618_163926_272485-365-01,365,1,1781775568555173700,143,1
20260618_163926_272485,20260618_163926_272485-366-01,366,1,1781775568560839000,144,1
20260618_163926_272485,20260618_163926_272485-367-01,367,1,1781775568566490100,144,1
20260618_163926_272485,20260618_163926_272485-368-01,368,1,1781775568572558900,145,1
20260618_163926_272485,20260618_163926_272485-369-01,369,1,1781775568578363500,141,1
20260618_163926_272485,20260618_163926_272485-370-01,370,1,1781775568584671200,144,1
20260618_163926_272485,20260618_163926_272485-371-01,371,1,1781775568590388000,144,1
20260618_163926_272485,20260618_163926_272485-372-01,372,1,1781775568596876700,143,1
20260618_163926_272485,20260618_163926_272485-373-01,373,1,1781775568602784800,145,1
20260618_163926_272485,20260618_163926_272485-374-01,374,1,1781775568608661800,144,1
20260618_163926_272485,20260618_163926_272485-375-01,375,1,1781775568614669300,143,1
20260618_163926_272485,20260618_163926_272485-376-01,376,1,1781775568620801600,143,1
20260618_163926_272485,20260618_163926_272485-377-01,377,1,1781775568626503000,145,1
20260618_163926_272485,20260618_163926_272485-378-01,378,1,1781775568632548100,143,1
20260618_163926_272485,20260618_163926_272485-379-01,379,1,1781775568639070800,143,1
20260618_163926_272485,20260618_163926_272485-380-01,380,1,1781775568646909600,145,1
20260618_163926_272485,20260618_163926_272485-381-01,381,1,1781775568652886700,144,1
20260618_163926_272485,20260618_163926_272485-382-01,382,1,1781775568658530800,145,1
20260618_163926_272485,20260618_163926_272485-383-01,383,1,1781775568664327000,143,1
20260618_163926_272485,20260618_163926_272485-384-01,384,1,1781775568670278100,144,1
20260618_163926_272485,20260618_163926_272485-385-01,385,1,1781775568676090500,143,1
20260618_163926_272485,20260618_163926_272485-386-01,386,1,1781775568682021600,145,1
20260618_163926_272485,20260618_163926_272485-387-01,387,1,1781775568688000600,145,1
20260618_163926_272485,20260618_163926_272485-388-01,388,1,1781775568694117800,142,1
20260618_163926_272485,20260618_163926_272485-389-01,389,1,1781775568700429300,145,1
20260618_163926_272485,20260618_163926_272485-390-01,390,1,1781775568706404600,145,1
20260618_163926_272485,20260618_163926_272485-391-01,391,1,1781775568712327000,145,1
20260618_163926_272485,20260618_163926_272485-392-01,392,1,1781775568718826700,145,1
20260618_163926_272485,20260618_163926_272485-393-01,393,1,1781775568724731300,145,1
20260618_163926_272485,20260618_163926_272485-394-01,394,1,1781775568730746800,143,1
20260618_163926_272485,20260618_163926_272485-395-01,395,1,1781775568736950600,144,1
20260618_163926_272485,20260618_163926_272485-396-01,396,1,1781775568743182300,143,1
20260618_163926_272485,20260618_163926_272485-397-01,397,1,1781775568748843400,145,1
20260618_163926_272485,20260618_163926_272485-398-01,398,1,1781775568754650200,144,1
20260618_163926_272485,20260618_163926_272485-399-01,399,1,1781775568760268500,145,1
20260618_163926_272485,20260618_163926_272485-400-01,400,1,1781775568766109100,145,1
20260618_163926_272485,20260618_163926_272485-401-01,401,1,1781775568771911300,142,1
20260618_163926_272485,20260618_163926_272485-402-01,402,1,1781775568777796300,144,1
20260618_163926_272485,20260618_163926_272485-403-01,403,1,1781775568783423700,145,1
20260618_163926_272485,20260618_163926_272485-404-01,404,1,1781775568789628000,141,1
20260618_163926_272485,20260618_163926_272485-405-01,405,1,1781775568795675100,145,1
20260618_163926_272485,20260618_163926_272485-406-01,406,1,1781775568802171800,144,1
20260618_163926_272485,20260618_163926_272485-407-01,407,1,1781775568808075000,144,1
20260618_163926_272485,20260618_163926_272485-408-01,408,1,1781775568814129500,141,1
20260618_163926_272485,20260618_163926_272485-409-01,409,1,1781775568821876900,145,1
20260618_163926_272485,20260618_163926_272485-410-01,410,1,1781775568827551100,144,1
20260618_163926_272485,20260618_163926_272485-411-01,411,1,1781775568833485000,145,1
20260618_163926_272485,20260618_163926_272485-412-01,412,1,1781775568839884600,145,1
20260618_163926_272485,20260618_163926_272485-413-01,413,1,1781775568845488200,143,1
20260618_163926_272485,20260618_163926_272485-414-01,414,1,1781775568854755300,145,1
20260618_163926_272485,20260618_163926_272485-415-01,415,1,1781775568860431600,143,1
20260618_163926_272485,20260618_163926_272485-416-01,416,1,1781775568866185400,144,1
20260618_163926_272485,20260618_163926_272485-417-01,417,1,1781775568872185600,143,1
20260618_163926_272485,20260618_163926_272485-418-01,418,1,1781775568878179400,144,1
20260618_163926_272485,20260618_163926_272485-419-01,419,1,1781775568884196400,142,1
20260618_163926_272485,20260618_163926_272485-420-01,420,1,1781775568890247300,142,1
20260618_163926_272485,20260618_163926_272485-421-01,421,1,1781775568895970800,144,1
20260618_163926_272485,20260618_163926_272485-422-01,422,1,1781775568902262700,143,1
20260618_163926_272485,20260618_163926_272485-423-01,423,1,1781775568908296200,143,1
20260618_163926_272485,20260618_163926_272485-424-01,424,1,1781775568914556500,145,1
20260618_163926_272485,20260618_163926_272485-425-01,425,1,1781775568920639100,142,1
20260618_163926_272485,20260618_163926_272485-426-01,426,1,1781775568926483100,144,1
20260618_163926_272485,20260618_163926_272485-427-01,427,1,1781775568932112300,145,1
20260618_163926_272485,20260618_163926_272485-428-01,428,1,1781775568937839100,144,1
20260618_163926_272485,20260618_163926_272485-429-01,429,1,1781775568943488700,144,1
20260618_163926_272485,20260618_163926_272485-430-01,430,1,1781775568949383500,143,1
20260618_163926_272485,20260618_163926_272485-431-01,431,1,1781775568955391100,144,1
20260618_163926_272485,20260618_163926_272485-432-01,432,1,1781775568961201300,145,1
20260618_163926_272485,20260618_163926_272485-433-01,433,1,1781775568966932700,145,1
20260618_163926_272485,20260618_163926_272485-434-01,434,1,1781775568973153300,145,1
20260618_163926_272485,20260618_163926_272485-435-01,435,1,1781775568978866700,142,1
20260618_163926_272485,20260618_163926_272485-436-01,436,1,1781775568985418100,144,1
20260618_163926_272485,20260618_163926_272485-437-01,437,1,1781775568991496400,144,1
20260618_163926_272485,20260618_163926_272485-438-01,438,1,1781775568997290700,143,1
20260618_163926_272485,20260618_163926_272485-439-01,439,1,1781775569003428700,144,1
20260618_163926_272485,20260618_163926_272485-440-01,440,1,1781775569009190200,144,1
20260618_163926_272485,20260618_163926_272485-441-01,441,1,1781775569015104100,145,1
20260618_163926_272485,20260618_163926_272485-442-01,442,1,1781775569021147100,144,1
20260618_163926_272485,20260618_163926_272485-443-01,443,1,1781775569027335900,144,1
20260618_163926_272485,20260618_163926_272485-444-01,444,1,1781775569033336600,142,1
20260618_163926_272485,20260618_163926_272485-445-01,445,1,1781775569039493300,144,1
20260618_163926_272485,20260618_163926_272485-446-01,446,1,1781775569045083600,144,1
20260618_163926_272485,20260618_163926_272485-447-01,447,1,1781775569050806300,142,1
20260618_163926_272485,20260618_163926_272485-448-01,448,1,1781775569056550700,145,1
20260618_163926_272485,20260618_163926_272485-449-01,449,1,1781775569062337200,145,1
20260618_163926_272485,20260618_163926_272485-450-01,450,1,1781775569069466400,145,1
20260618_163926_272485,20260618_163926_272485-451-01,451,1,1781775569075582200,144,1
20260618_163926_272485,20260618_163926_272485-452-01,452,1,1781775569081554400,144,1
20260618_163926_272485,20260618_163926_272485-453-01,453,1,1781775569087473300,143,1
20260618_163926_272485,20260618_163926_272485-454-01,454,1,1781775569093533300,144,1
20260618_163926_272485,20260618_163926_272485-455-01,455,1,1781775569099618300,144,1
20260618_163926_272485,20260618_163926_272485-456-01,456,1,1781775569105499600,143,1
20260618_163926_272485,20260618_163926_272485-457-01,457,1,1781775569111363700,143,1
20260618_163926_272485,20260618_163926_272485-458-01,458,1,1781775569117131900,143,1
20260618_163926_272485,20260618_163926_272485-459-01,459,1,1781775569123202100,145,1
20260618_163926_272485,20260618_163926_272485-460-01,460,1,1781775569128896000,145,1
20260618_163926_272485,20260618_163926_272485-461-01,461,1,1781775569135546500,144,1
20260618_163926_272485,20260618_163926_272485-462-01,462,1,1781775569141442200,145,1
20260618_163926_272485,20260618_163926_272485-463-01,463,1,1781775569147197400,142,1
20260618_163926_272485,20260618_163926_272485-464-01,464,1,1781775569152941400,145,1
20260618_163926_272485,20260618_163926_272485-465-01,465,1,1781775569159117400,144,1
20260618_163926_272485,20260618_163926_272485-466-01,466,1,1781775569164997900,145,1
20260618_163926_272485,20260618_163926_272485-467-01,467,1,1781775569171304800,144,1
20260618_163926_272485,20260618_163926_272485-468-01,468,1,1781775569177496200,145,1
20260618_163926_272485,20260618_163926_272485-469-01,469,1,1781775569183446700,144,1
20260618_163926_272485,20260618_163926_272485-470-01,470,1,1781775569189382400,144,1
20260618_163926_272485,20260618_163926_272485-471-01,471,1,1781775569195368100,145,1
20260618_163926_272485,20260618_163926_272485-472-01,472,1,1781775569201205800,144,1
20260618_163926_272485,20260618_163926_272485-473-01,473,1,1781775569206853200,143,1
20260618_163926_272485,20260618_163926_272485-474-01,474,1,1781775569213146800,144,1
20260618_163926_272485,20260618_163926_272485-475-01,475,1,1781775569218918600,145,1
20260618_163926_272485,20260618_163926_272485-476-01,476,1,1781775569224923200,143,1
20260618_163926_272485,20260618_163926_272485-477-01,477,1,1781775569230765200,143,1
20260618_163926_272485,20260618_163926_272485-478-01,478,1,1781775569236515400,143,1
20260618_163926_272485,20260618_163926_272485-479-01,479,1,1781775569242542600,145,1
20260618_163926_272485,20260618_163926_272485-480-01,480,1,1781775569248172200,144,1
20260618_163926_272485,20260618_163926_272485-481-01,481,1,1781775569254436000,144,1
20260618_163926_272485,20260618_163926_272485-482-01,482,1,1781775569260143900,143,1
20260618_163926_272485,20260618_163926_272485-483-01,483,1,1781775569266351100,144,1
20260618_163926_272485,20260618_163926_272485-484-01,484,1,1781775569272621900,141,1
20260618_163926_272485,20260618_163926_272485-485-01,485,1,1781775569278307700,143,1
20260618_163926_272485,20260618_163926_272485-486-01,486,1,1781775569284403100,143,1
20260618_163926_272485,20260618_163926_272485-487-01,487,1,1781775569290179300,145,1
20260618_163926_272485,20260618_163926_272485-488-01,488,1,1781775569296122400,144,1
20260618_163926_272485,20260618_163926_272485-489-01,489,1,1781775569302503800,145,1
20260618_163926_272485,20260618_163926_272485-490-01,490,1,1781775569308623800,145,1
20260618_163926_272485,20260618_163926_272485-491-01,491,1,1781775569314472000,145,1
20260618_163926_272485,20260618_163926_272485-492-01,492,1,1781775569321197500,144,1
20260618_163926_272485,20260618_163926_272485-493-01,493,1,1781775569326723000,144,1
20260618_163926_272485,20260618_163926_272485-494-01,494,1,1781775569332446800,143,1
20260618_163926_272485,20260618_163926_272485-495-01,495,1,1781775569339016400,145,1
20260618_163926_272485,20260618_163926_272485-496-01,496,1,1781775569344719600,145,1
20260618_163926_272485,20260618_163926_272485-497-01,497,1,1781775569350892600,145,1
20260618_163926_272485,20260618_163926_272485-498-01,498,1,1781775569356760500,142,1
20260618_163926_272485,20260618_163926_272485-499-01,499,1,1781775569362775900,143,1
20260618_163926_272485,20260618_163926_272485-500-01,500,1,1781775569369368500,145,1
20260618_163926_272485,20260618_163926_272485-501-01,501,1,1781775569375311800,144,1
